Type,Missing_Item
Food Item,OLD MONK (DARK)
Food Item,BACARDI WHITE
Food Item,BACARDI LEMON
Food Item,DIPLOMATIC MAN TUANO
Food Item,BACARDI BLACK
Food Item,DIPLOMATIC RESERVO
Food Item,HOUSEWINE-INDIAN WHITE
Food Item,HOUSEWINE-INDIAN RED
Food Item,Reveilo Cabernet Sauvignon
Food Item,Asolo Prosecco
Food Item,HOUSEWINE-INDIAN ROSE
Food Item,HOUSEWINE-IMPORTED RED
Food Item,HOUSEWINE-IMPORTED WHITE
Food Item,Sula Chenin Blanc
Food Item,HOUSEWINE-IMPORTED ROSE
Food Item,The Black Shiraz Berton
Food Item,Sula Brut
Food Item,Yellow Tail Shiraz
Food Item,Yellow Tail Chardonnay
Food Item,Grover La Resere
Food Item,Zonin Chianti
Food Item,Nederburg Shiraz
Food Item,Sul Zinfandel Rose
Food Item,Sula Satori
Food Item,Sula Sauvignon Blanc
Food Item,Grovere Cabernet Shiraz
Food Item,Fratelli Chenin Blanc
Food Item,Reveilo Merlot
Food Item,Jacob Creek Shiraz Cabernet
Food Item,Jacob Creek Chardonnay
Food Item,Two Ocian Pinotage
Food Item,Sula Rasa Syrah
Food Item,MATEUS ROSE SPARKLING
Food Item,Fratelli Sangiovese
Food Item,Cono Sur Pinot Noir
Food Item,Manchow Soup (CHICKEN)
Food Item,Manchow Soup (VEG)
Food Item,Sour & Pepper Soup (VEG)
Food Item,CLEAR SOUP (VEG)
Food Item,Tom Kha (CHICKEN)
Food Item,SHORBA (Palak)
Food Item,Lemon Coriander (VEG)
Food Item,Sour & Pepper Soup (CHICKEN)
Food Item,Manchow Soup (Veg)
Food Item,SHORBA (Dal)
Food Item,Tom Kha (VEG)
Food Item,Shorba (Palak)
Food Item,Sweet Corn Soup (VEG)
Food Item,CLEAR SOUP (CHICKEN)
Food Item,Burnt Garlic Soup (CHICKEN)
Food Item,Sweet Corn Soup (CHICKEN)
Food Item,Burnt Garlic Soup (VEG)
Food Item,Tom Yum Soup (VEG)
Food Item,Wonton & Noodle Soup (Veg)
Food Item,Lemon Coriander (Chicken)
Food Item,Clear Soup (Chicken)
Food Item,Mustard Soup (CHICKEN)
Food Item,Lemon Coriander (Veg)
Food Item,Burnt Garlic Soup (Chicken)
Food Item,Sweet Corn Soup (Veg)
Food Item,Manchow Soup (Chicken)
Food Item,Sweet Corn Soup (Chicken)
Food Item,Mustard Soup (VEG)
Food Item,Tom Yum Soup (CHICKEN)
Food Item,Lemon Coriander (CHICKEN)
Food Item,Burnt Garlic Soup (Veg)
Food Item,Wonton & Noodle Soup (Chicken)
Food Item,Talumein Soup (CHICKEN)
Food Item,Wonton & Noodle Soup (VEG)
Food Item,Talumein Soup (VEG)
Food Item,Wonton & Noodle Soup (CHICKEN)
Food Item,Burnt Garlic Soup (veg)
Food Item,Manchow Soup (veg)
Food Item,Suimono Soup (CHICKEN)
Food Item,Clear Soup (veg)
Food Item,Funci Tongi Soup (CHICKEN)
Food Item,Funci Tongi Soup (VEG)
Food Item,Suimono Soup (VEG)
Food Item,Lemon Coriander (veg)
Food Item,Tom Yum Soup (Veg)
Food Item,Sour & Pepper Soup (Chicken)
Food Item,Tom Kha (Chicken)
Food Item,Clear Soup (Veg)
Food Item,Manchow Soup (Veg)[Online]
Food Item,Manchow Soup (SEA FOOD)
Food Item,Tom Yum Soup (SEA FOOD)
Food Item,Tom Kha (SEA FOOD)
Food Item,Sour & Pepper Soup (SEA FOOD)
Food Item,Burnt Garlic Soup (SEA FOOD)
Food Item,Tom Kha (veg)
Food Item,Sour & Pepper Soup (Veg)
Food Item,Tom Yum Soup (Chicken)
Food Item,French Fries
Food Item,COLD COFFEE
Food Item,BACARDI WHITE
Food Item,DIPLOMATIC RESERVO
Food Item,BACARDI LEMON
Food Item,OLD MONK (DARK)
Food Item,BACARDI RESERVA OCHO 8
Food Item,BACARDI ANEJO 4 YEARS
Food Item,Ashanti
Food Item,DIPLOMATIC MAN TUANO
Food Item,BACARDI BLACK
Food Item,CAPTAIN MORGAN (BLACK)
Food Item,HOUSEWINE-IMPORTED WHITE
Food Item,HOUSEWINE-INDIAN RED
Food Item,HOUSEWINE-INDIAN WHITE
Food Item,HOUSEWINE-IMPORTED RED
Food Item,HOUSEWINE-IMPORTED ROSE
Food Item,Reveilo Cabernet Sauvignon
Food Item,The Source Sauvignon Blanc
Food Item,The Source Grenache Rose
Food Item,Sul Zinfandel Rose
Food Item,Reveilo Merlot
Food Item,Sula Satori
Food Item,Sula Zinfandel Rose
Food Item,Jacob Creek Chardonnay
Food Item,Jacob Creek Shiraz Cabernet
Food Item,Two Ocean Chardonnay
Food Item,Mateus Rose
Food Item,HOUSEWINE-INDIAN ROSE
Food Item,Sula Sauvignon Blanc
Food Item,Fratelli Sauvignon Blanc
Food Item,Fratelli Chenin Blanc
Food Item,Grover Sauvignon Blanc
Food Item,Grover Cabernet Shiraz
Food Item,Two Ocean Pinotage
Food Item,Sula Brut
Food Item,B And G MERLOT
Food Item,Yellow Tail Shiraz
Food Item,B And G Cabernet Sauvignon
Food Item,Yellow Tail Chardonnay
Food Item,Sula Chenin Blanc
Food Item,Reveilo Chardonnay
Food Item,Grover La Resere
Food Item,Fratelli Sangiovese
Food Item,Cono Sur Pinot Noir
Food Item,Zonin Pinot Grigio Friuli Doc
Food Item,Zonin Chianti
Food Item,Nederburg Sauvignon Blanc
Food Item,Nederburg Shiraz
Food Item,Sula Rasa Syrah
Food Item,Asolo Prosecco
Food Item,MATEUS ROSE SPARKLING
Food Item,Mateus Rose Spraakling
Food Item,PAMPAS DEL SUR RESERVE MALBEC
Food Item,BROWNIE SUNDAE
Food Item,APPLE PIE WITH HOT CUSTARD
Food Item,CHOCOLATE PASTRY
Food Item,CAKE HALF KG
Food Item,CREAM CARAMEL
Food Item,CARAMEL CUSTARD(EGG LESS)
Food Item,BAVARIAN CHOCOLATE CHEESE CAKE (EGG LESS)
Food Item,HOT PUDDING WITH BUTTER SCOTCH SAUCE
Food Item,CHOCOLATE MOUSSE
Food Item,BLUE BERRY CHEESE CAKE
Food Item,COOKIES
Food Item,Creme Bruleé
Food Item,TIRAMISU
Food Item,CHOCOLATE FONDUE CAKE
Food Item,SINGLE TALL CAKE SUNDAE
Food Item,HOT FUDGE NUT SUNDAE
Food Item,Virgin Mojito
Food Item,Fruit Punch
Food Item,Ginger Bliss
Food Item,Lemon Fizz
Food Item,Peach Satin
Food Item,Spice Guava
Food Item,Virgin Colada
Food Item,Shirely Temple
Food Item,Virgin Toddy
Food Item,Blue Sea
Food Item,Mist Fantsy
Food Item,Alaska
Food Item,Virgin Mary
Food Item,Virgin Margarita
Food Item,Crab (500 GMS)
Food Item,Prawns  REG
Food Item,Rawas (Chinese)
Food Item,Pompfret (600 GMS)
Food Item,Rawas (Gassi)
Food Item,Surmai (Gassi)
Food Item,Surmai (Masala Fry)
Food Item,Prawns (100 GMS)
Food Item,Pompfret (800 GMS)
Food Item,Lobster (400 GMS)
Food Item,Tiger Prawns (300 Gms)
Food Item,Prawns (150 GMS)
Food Item,Lobster (600 GMS)
Food Item,Pompfret (400 GMS)
Food Item,Rawas (Koliwada)
Food Item,Pompfret (500 GMS)
Food Item,Lobster (1000 GMS)
Food Item,Pompfret (1000 GMS)
Food Item,Lobster (800 GMS)
Food Item,Pompfret (700 GMS)
Food Item,Rawas (Tandoor)
Food Item,Rawas (Tawa Fry)
Food Item,Surmai (Koliwada)
Food Item,Rawas (Rawa Fry)
Food Item,Surmai (Chinese)
Food Item,Surmai (Pullimunchi)
Food Item,Surmai (Tawa Fry)
Food Item,Rawas (INDIAN)
Food Item,Rawas (Masala Fry)
Food Item,Rawas (Goan Green Curry)
Food Item,Surmai (INDIAN)
Food Item,Crab (600 GMS)
Food Item,Surmai (Rawa Fry)
Food Item,Surmai (Moheli)
Food Item,Surmai (Malwani Fry)
Food Item,Surmai (Tandoor)
Food Item,Rawas (Mangalorian Curry)
Food Item,Rawas (Malwani Fry)
Food Item,Squid (Chilly Fry)
Food Item,Crab (700 GMS)
Food Item,Lobster (500 GMS)
Food Item,Squid (Sukha in Manglorian Masala)
Food Item,Squid (Hoisin Ginger Garlic Sauce)
Food Item,Surmai (Mangalorian Curry)
Food Item,Rawas (Moheli)
Food Item,Rawas (Mallipuram)
Food Item,Pompfret (900 GMS)
Food Item,Beer Three + One
Food Item,P D R Alcohol
Food Item,Beer One + One
Food Item,1800
Food Item,1360
Food Item,1600
Food Item,2000
Food Item,2200
Food Item,BUFFET
Food Item,1500
Food Item,1200
Food Item,1700
Food Item,Pdr
Food Item,1900
Food Item,2500
Food Item,1650
Food Item,LAPHROAIG 10 YEARS
Food Item,TALISKER -10 YEARS
Food Item,GLENMORANGIE - 10 YEARS
Food Item,GLENLIVET - 12 YEARS
Food Item,GLENFIDDICH - 12 YEARS
Food Item,HIBIKI 12 YEARS
Food Item,LAGAVULIN -16 YEARS
Food Item,AMRUT - AMALGAM
Food Item,GLENFIDDICH -15 YEARS
Food Item,GLENLIVET -15 YEARS
Food Item,CAOL ILA - 12 YEARS
Food Item,GLENFIDDICH - 18 YEARS
Food Item,SMIRNOFF
Food Item,BLUE RIBAND
Food Item,SMIRNOFF FLAVOUR
Food Item,ABSOLUT
Food Item,HENDRICKS
Food Item,TANQUERAY
Food Item,THE BOTANIST
Food Item,BOMBAY SAPPHIRE
Food Item,MONKEY 47
Food Item,GREY GOOSE
Food Item,CIROC
Food Item,BELVEDERE
Food Item,GORDON'S
Food Item,KETEL ONE
Food Item,Virgin Colada
Food Item,Virgin Mojito
Food Item,Blue Sea
Food Item,Fruit Punch
Food Item,Mist Fantsy
Food Item,Peach Satin
Food Item,Shirely Temple
Food Item,Lemon Fizz
Food Item,Spice Guava
Food Item,Virgin Mary
Food Item,Virgin Toddy
Food Item,Virgin Margarita
Food Item,Virgin Daiquiri
Food Item,Ginger Bliss
Food Item,Alaska
Food Item,THUMPS UP
Food Item,Ginger Ale
Food Item,Juices Natural
Food Item,FRESH LIME WATER
Food Item,Red Bull
Food Item,PEPSI
Food Item,FRESH LIME SODA
Food Item,DIET COKE
Food Item,SEVEN UP
Food Item,Tonic Water
Food Item,GREEN TEA
Food Item,Fresh Lime
Food Item,Peach Iced Tea
Food Item,Lemon Ice Tea
Food Item,Perrier Sparkling
Food Item,JASMINE TEA
Food Item,COLD COFFEE
Food Item,Perrier Sparkling Water 750 ML
Food Item,Bottled Water
Food Item,CAKE - N.c
Food Item,Soda
Food Item,CAKE - N.C
Food Item,Soda (complementary)
Food Item,Bar Snacks
Food Item,Lacchedar Paratha/naan
Food Item,Missi / Khasta Roti
Food Item,GLENLIVET - 12 YEARS (BTL)
Food Item,GLENFIDDICH - 12 YEARS (BTL)
Food Item,BLACK LABEL (BTL)
Food Item,Chivas Regal Btl
Food Item,GREY GOOSE (BTL)
Food Item,BOMBAY SAPPHIRE (BTL)
Food Item,TEACHER'S 50 (BTL)
Food Item,JAMESON (BTL)
Food Item,BACARDI LEMON (BTL)
Food Item,JIM BEAM (BTL)
Food Item,ABSOLUT (BTL)
Food Item,GORDON'S (BTL)
Food Item,FRIED RICE (VEG)
Food Item,MALAYSIAN NOODLES (VEG)
Food Item,HAKKA NOODLES (CHICKEN)
Food Item,BURNT GARLIC NOODLES (VEG)
Food Item,HAKKA NOODLES (VEG)
Food Item,HOT POT RICE (VEG)
Food Item,Futchi Rice (Veg)
Food Item,Fried Rice (Chicken)
Food Item,Fried Rice (Veg)
Food Item,FUTCHI RICE (VEG)
Food Item,FRIED RICE (CHICKEN)
Food Item,YANMEIN NOODLES (CHICKEN)
Food Item,FUTCHI RICE (CHICKEN)
Food Item,FRIED RICE (Egg)
Food Item,FUTCHI RICE (PRAWNS)
Food Item,Fortune Rice (Prawns)
Food Item,HOT POT RICE (CHICKEN)
Food Item,CORIANDER NOODLES (CHICKEN)
Food Item,BURNT GARLIC RICE (CHICKEN)
Food Item,BURNT GARLIC NOODLES (CHICKEN)
Food Item,SHANGHAI NOODLES (VEG)
Food Item,SZECHWAN FRIED RICE (CHICKEN)
Food Item,BURNT GARLIC RICE (VEG)
Food Item,FORTUNE RICE (CHICKEN)
Food Item,Burnt Garlic Noodles (Veg)
Food Item,Szechwan Fried Rice (Veg)
Food Item,Futchi Noodles (Veg)
Food Item,Fortune Rice (Veg)
Food Item,Hakka Noodles (Veg)
Food Item,Futchi Rice (Chicken)
Food Item,Hot Pot Rice (Veg)
Food Item,AMERICAN CHOPSUEY (CHICKEN)
Food Item,Fortune Rice (Chicken)
Food Item,Fried Rice (Egg)
Food Item,Burnt Garlic Rice (Chicken)
Food Item,Futchi Noodles (Chicken)
Food Item,Pan Fried Noodles (Veg)
Food Item,Burnt Garlic Rice (Veg)
Food Item,Shanghai Rice (Veg)
Food Item,Hot Pot Rice (Chicken)
Food Item,Burnt Garlic Noodles (Chicken)
Food Item,Pan Fried Noodles (Chicken)
Food Item,Thai Herb Rice (CHICKEN)
Food Item,Szechwan Noodle (Veg)
Food Item,FORTUNE RICE (VEG)
Food Item,American Chopsuey (Veg)
Food Item,SHANGHAI NOODLES (CHICKEN)
Food Item,SZECHWAN FRIED RICE (VEG)
Food Item,YANMEIN NOODLES (VEG)
Food Item,Fragrance Rice (PRAWNS)
Food Item,FRIED RICE (PRAWNS)
Food Item,FRIED RICE (Mixed Seafood)
Food Item,Thai Fried Rice (Mixed Seafood)
Food Item,HONG KONG NOODLES (Mixed Seafood)
Food Item,THAI FRIED RICE (Mixed Seafood)
Food Item,Prawn Fragrance Rice
Food Item,Fried Rice (Prawns)
Food Item,HAKKA NOODLES (Mixed Seafood)
Food Item,FUTCHI NOODLES (VEG)
Food Item,PAN FRIED NOODLES (CHICKEN)
Food Item,PAN FRIED NOODLES (VEG)
Food Item,American Chopsuey (Chicken)
Food Item,FORTUNE NOODLES (VEG)
Food Item,SPICY LIME RICE (VEG)
Food Item,MALAYSIAN NOODLES (CHICKEN)
Food Item,SHANGHAI RICE (VEG)
Food Item,HONG KONG NOODLES (VEG)
Food Item,SPICY LIME NOODLES (VEG)
Food Item,CORIANDER NOODLES (VEG)
Food Item,SZECHWAN NOODLE (VEG)
Food Item,AMERICAN CHOPSUEY (VEG)
Food Item,HOT POT NOODLES (VEG)
Food Item,GREEN PEPPER NOODLES (VEG)
Food Item,Fried Rice (veg)
Food Item,Thai Herb Rice (VEG)
Food Item,Fortune Noodles (Veg)
Food Item,FUTCHI NOODLES (CHICKEN)
Food Item,FUTCHI NOODLES (PRAWNS)
Food Item,HOT POT NOODLES (PRAWNS)
Food Item,FORTUNE NOODLES (CHICKEN)
Food Item,SZECHWAN FRIED RICE (Egg)
Food Item,Hot Pot Noodles (Veg)
Food Item,Burnt Garlic Noodles (veg)
Food Item,Hot Pot Rice (veg)
Food Item,HONG KONG NOODLES (CHICKEN)
Food Item,Oriental Noodles (CHICKEN)
Food Item,American Chopsuey (veg)
Food Item,HOT POT NOODLES (CHICKEN)
Food Item,Fragrance Rice (VEG)
Food Item,Futchi Rice (veg)
Food Item,Spicy Lime Rice (Veg)
Food Item,Futchi Noodles (CHICKEN)
Food Item,Hakka Noodles (veg)
Food Item,Fortune Rice (veg)
Food Item,MALAYSIAN NOODLES (PRAWNS)
Food Item,Burnt Garlic Noodles (CHICKEN)
Food Item,SPICY LIME NOODLES (CHICKEN)
Food Item,Hakka Noodles (CHICKEN)
Food Item,Schezwan Fried Rice (Egg)
Food Item,Schezwan Noodles (Veg)
Food Item,SHANGHAI RICE (CHICKEN)
Food Item,ORIENTAL RICE (VEG)
Food Item,Burnt Garlic Rice (veg)
Food Item,Hot Pot Rice (CHICKEN)
Food Item,Hong Kong Noodles (Veg)
Food Item,Futchi Rice (CHICKEN)
Food Item,Hot Pot Noodles (CHICKEN)
Food Item,FORTUNE NOODLES (PRAWNS)
Food Item,FORTUNE RICE (FISH)
Food Item,HOT POT RICE (PRAWNS)
Food Item,HOT POT RICE (FISH)
Food Item,FORTUNE RICE (PRAWNS)
Food Item,TEACHER'S
Food Item,BLACK & WHITE
Food Item,BLACK LABEL
Food Item,CHIVAS REGAL
Food Item,J W Blonde
Food Item,Dewars
Food Item,BALLANTINES
Food Item,RED LABEL
Food Item,J & B
Food Item,TEACHER'S ORIGIN
Food Item,TEACHER'S 50
Food Item,BLACK DOG
Food Item,VAT 69
Food Item,DOUBLE BLACK
Food Item,MONKEY SHOULDER
Food Item,GOLD LABEL
Food Item,100 PIPER
Food Item,CHIVAS REGAL -18 YEARS
Food Item,Hara Bhara Kabab
Food Item,Chicken Kebabs (Murg Bemisal)
Food Item,Mutton Kebabs (Gilafi Sheekh)
Food Item,Chicken Kebabs (Patra Chicken)
Food Item,Mutton Kebabs (Lucknowi Sheekh)
Food Item,Chicken Kebabs (Chicken Angare)
Food Item,Chicken Kebabs (Chicken Malai)
Food Item,Chicken Kebabs (Chicken Reshmi)
Food Item,Tandoori Chicken (Full)
Food Item,Tandoori Chicken (FULL)
Food Item,Tandoori Platter (Non-Veg)
Food Item,Tandoori Chicken (Half)
Food Item,Tandoori Platter (VEG)
Food Item,Chicken Kebabs (Murg Lalwari)
Food Item,Tandoori Platter (Veg)
Food Item,Mutton Kebabs (Boti E Gulshan)
Food Item,Chicken Kebabs (Makhmali)
Food Item,Chicken Kebabs (Murg Chatpata)
Food Item,CHICKEN TIKKA (Pahadi)
Food Item,CHICKEN TIKKA (Jamaican)
Food Item,Chicken Tikka (Pahadi)
Food Item,Chicken Kebabs (Chicken Sheekh)
Food Item,Chicken Kebabs (Murg Nawabi Sheekh)
Food Item,Chicken Tikka (Jamaican)
Food Item,Chicken Kebabs (Murg Shikara)
Food Item,Chicken Kebabs (Murg Alishan)
Food Item,Chicken Kebabs (Murg Rusali)
Food Item,Tandoori Platter (NON-VEG)
Food Item,Doodhai Kabab
Food Item,Chicken Kebabs (Murg Grilled)
Food Item,Chicken Kebabs (Murg Dongri)
Food Item,Tandoori Chicken (HALF)
Food Item,Tandoori Platter (veg)
Food Item,Tandoori Platter (non-veg)
Food Item,Sweet Corn Soup (Chicken)
Food Item,Sweet Corn Soup (CHICKEN)
Food Item,Burnt Garlic Soup (VEG)
Food Item,Sour & Pepper Soup (VEG)
Food Item,Manchow Soup (VEG)
Food Item,Manchow Soup (CHICKEN)
Food Item,Lemon Coriander Soup (VEG)
Food Item,Sweet Corn Soup (VEG)
Food Item,Manchow Soup (Chicken)
Food Item,Talumein Soup (VEG)
Food Item,CLEAR SOUP (VEG)
Food Item,Manchow Soup (SEA FOOD)
Food Item,Sour & Pepper Soup (CHICKEN)
Food Item,Mustard Soup (VEG)
Food Item,Burnt Garlic Soup (CHICKEN)
Food Item,Tom Yum Soup (VEG)
Food Item,Tom Yum Soup (CHICKEN)
Food Item,Wonton & Noodle Soup (CHICKEN)
Food Item,Lemon Coriander (VEG)
Food Item,Tom Kha Soup (CHICKEN)
Food Item,Suimono Soup (VEG)
Food Item,Funci Tongi Soup (VEG)
Food Item,Lemon Coriander Soup (CHICKEN)
Food Item,Wonton & Noodle Soup (VEG)
Food Item,Mustard Soup (CHICKEN)
Food Item,CLEAR SOUP (CHICKEN)
Food Item,Suimono Soup (CHICKEN)
Food Item,Talumein Soup (CHICKEN)
Food Item,Lemon Coriander (CHICKEN)
Food Item,Funci Tongi Soup (CHICKEN)
Food Item,Tom Kha (CHICKEN)
Food Item,Tom Kha (VEG)
Food Item,Tom Yum Soup (SEA FOOD)
Food Item,Tom Kha (SEA FOOD)
Food Item,Sour & Pepper Soup (SEA FOOD)
Food Item,Burnt Garlic Soup (Chicken)
Food Item,Burnt Garlic Soup (Veg)
Food Item,Lemon Coriander (Chicken)
Food Item,Wonton & Noodle Soup (Chicken)
Food Item,Chicken Clear Soup (Veg)
Food Item,Chicken Clear Soup (Chicken)
Food Item,Sweet Corn Soup (Veg)
Food Item,Manchow Soup (Veg)
Food Item,Tom Yum Soup (Veg)
Food Item,Chicken Clear Soup (CHICKEN)
Food Item,Wonton & Noodle Soup (Veg)
Food Item,Tom Yum Soup (Chicken)
Food Item,Tom Kha (Chicken)
Food Item,Lemon Coriander (Veg)
Food Item,Clear Soup (Veg)
Food Item,Funci Tongi Soup (Veg)
Food Item,Manchow Soup (veg)
Food Item,Sour & Pepper Soup (Chicken)
Food Item,Mustard Soup (Veg)
Food Item,Talumein Soup (Chicken)
Food Item,Sweet Corn Soup (SEA FOOD)
Food Item,Wonton & Noodle Soup (Sea Food)
Food Item,Manchow Soup (Sea Food)
Food Item,Tom Kha Soup (VEG)
Food Item,Chicken Clear Soup (VEG)
Food Item,Suimono Soup (SEA FOOD)
Food Item,Burnt Garlic Soup (SEA FOOD)
Food Item,Tom Kha Soup (SEA FOOD)
Food Item,Wonton & Noodle Soup (SEA FOOD)
Food Item,Mustard Soup (SEA FOOD)
Food Item,Sweet Corn Soup (veg)
Food Item,Lacchedar Paratha/naan
Food Item,Missi / Khasta Roti
Food Item,JACK DANIELS - HONEY
Food Item,JACK DANIEL'S
Food Item,JIM BEAM
Food Item,BLUE BERRY CHEESE CAKE
Food Item,CAKE HALF KG
Food Item,APPLE PIE WITH HOT CUSTARD
Food Item,CREAM CARAMEL
Food Item,BROWNIE SUNDAE
Food Item,CHOCOLATE MOUSSE
Food Item,ASSORTED COOKIES
Food Item,TIRAMISU
Food Item,CARAMEL Custard(egg Less)
Food Item,BAVARIAN CHOCOLATE CHEESE CAKE (egg Less)
Food Item,Creme Bruleé
Food Item,CHOCOLATE PASTRY
Food Item,CHOCOLATE FONDUE CAKE
Food Item,Mango Pull Me Up
Food Item,HOT FUDGE NUT SUNDAE
Food Item,HOT PUDDING WITH BUTTER SCOTCH SAUCE
Food Item,Coconut Mango Panacotta
Food Item,Mango Cheesecake
Food Item,AMRUT - AMALGAM
Food Item,GLENMORANGIE - 10 YEARS
Food Item,GLENLIVET - 12 YEARS
Food Item,GLENFIDDICH - 12 YEARS
Food Item,TALISKER -10 YEARS
Food Item,GLENLIVET -15 YEARS
Food Item,GLENFIDDICH -15 YEARS
Food Item,HIBIKI 12 YEARS
Food Item,Dalmore 12 Years
Food Item,The Glenlivet 18 Years
Food Item,SINGLETON
Food Item,Paul John Bold
Food Item,LAPHROAIG 10 YEARS
Food Item,Indri Single Malt
Food Item,SUNTORY TOKI
Food Item,Dalmore 15 Years
Food Item,CAOL ILA - 12 YEARS
Food Item,Jura 12 Years
Food Item,YAMAZAKI
Food Item,GLENFIDDICH - 18 YEARS
Food Item,LAGAVULIN -16 YEARS
Food Item,Macallan 15 Yrs
Food Item,ABSOLUT
Food Item,SMIRNOFF FLAVOUR
Food Item,SMIRNOFF
Food Item,Beluga
Food Item,HENDRICKS
Food Item,MONKEY 47
Food Item,CIROC
Food Item,GREY GOOSE
Food Item,TANQUERAY
Food Item,KETEL ONE
Food Item,THE BOTANIST
Food Item,Norm Inida
Food Item,BOMBAY SAPPHIRE
Food Item,GORDON'S
Food Item,BLUE RIBAND
Food Item,BELVEDERE
Food Item,BUDWEISER
Food Item,KINGFISHER ULTRA
Food Item,HEINEKEN
Food Item,Budweiser Magnum
Food Item,BACARDI BREEZER
Food Item,KINGFISHER
Food Item,HOEGAARDEN
Food Item,BIRA 91
Food Item,CARLSBERG
Food Item,CORONA
Food Item,KINGFISHER STRONG
Food Item,Heineken Silver
Food Item,Basmati Rice
Food Item,Bhatkal Biryani (VEG)
Food Item,Dum Pukht Biryani (MUTTON)
Food Item,Kolkata Biryani (CHICKEN)
Food Item,Dum Pukht Biryani (CHICKEN)
Food Item,Dum Pukht Biryani (VEG)
Food Item,Brown Rice
Food Item,Dum Pukht Biryani (Veg)
Food Item,Lamb Dum Pukht Biryani
Food Item,Lamb Hyderabadi Biryani
Food Item,Lamb Kolkata Biryani
Food Item,Lamb Bhatkal Biryani
Food Item,Chicken Dum Pukht Biryani
Food Item,Veg Dum Pukht Biryani
Food Item,Chicken Kolkata Biryani
Food Item,Bhatkal Biryani (CHICKEN)
Food Item,Chicken Hyderabadi Biryani
Food Item,Veg Bhatkal Biryani
Food Item,Kolkata Biryani (Veg)
Food Item,Veg Kolkata Biryani
Food Item,Veg Hyderabadi Biryani
Food Item,Hyderabadi Biryani (MUTTON)
Food Item,Kolkata Biryani (MUTTON)
Food Item,Hyderabadi Biryani (VEG)
Food Item,Hyderabadi Biryani (CHICKEN)
Food Item,Bhatkal Biryani (Chicken)
Food Item,SIGNATURE
Food Item,BLENDER'S PRIDE
Food Item,ANTIQUITY BLUE
Food Item,ROYAL CHALLENGE
Food Item,Indian Prawns (100 Gms)
Food Item,Indian Prawns (250 Gms)
Food Item,Indian Prawns (100 GMS)
Food Item,Indian Pompfret (500 GMS)
Food Item,Indian Pompfret (400 GMS)
Food Item,Indian Prawns (REGULAR)
Food Item,CHOCOLATE PASTRY
Food Item,BROWNIE SUNDAE
Food Item,SINGLE TALL CAKE SUNDAE
Food Item,APPLE PIE WITH HOT CUSTARD
Food Item,CREAM CARAMEL
Food Item,BAVARIAN CHOCOLATE CHEESE CAKE (EGG LESS)
Food Item,TIRAMISU
Food Item,Creme Bruleé
Food Item,BLUE BERRY CHEESE CAKE
Food Item,HOT FUDGE NUT SUNDAE
Food Item,CARAMEL CUSTARD(EGG LESS)
Food Item,CHOCOLATE FONDUE CAKE
Food Item,HOT PUDDING WITH BUTTER SCOTCH SAUCE
Food Item,CHOCOLATE MOUSSE
Food Item,COOKIES
Food Item,CAKE HALF KG
Food Item,ASSORTED COOKIES
Food Item,Chicken Kebabs (Chicken Angare)
Food Item,Chicken Kebabs (Chicken Malai)
Food Item,CHICKEN TIKKA (Pahadi)
Food Item,Mutton Kebabs (Gilafi Sheekh)
Food Item,Chicken Kebabs (Murg Lalwari)
Food Item,Chicken Kebabs (Patra Chicken)
Food Item,Chicken Kebabs (Chicken Reshmi)
Food Item,Chicken Kebabs (Murg Alishan)
Food Item,Tandoori Chicken (HALF)
Food Item,Chicken Kebabs (Murg Bemisal)
Food Item,CHICKEN TIKKA (Jamaican)
Food Item,Tandoori Platter (NON-VEG)
Food Item,Tandoori Chicken (Half)
Food Item,Chicken Kebabs (Murg Chatpata)
Food Item,Tandoori Platter (VEG)
Food Item,Chicken Kebabs (Chicken Sheekh)
Food Item,Tandoori Chicken (Full)
Food Item,Tandoori Chicken (FULL)
Food Item,Tandoori Platter (Non-Veg)
Food Item,Mutton Kebabs (Lucknowi Sheekh)
Food Item,Chicken Kebabs (Murg Shikara)
Food Item,Chicken Tikka (Jamaican)
Food Item,Chicken Tikka (Pahadi)
Food Item,Chicken Kebabs (Makhmali)
Food Item,Tandoori Platter (Veg)
Food Item,Mutton Kebabs (Boti E Gulshan)
Food Item,Doodhai Kabab
Food Item,Chicken Kebabs (Murg Nawabi Sheekh)
Food Item,Chicken Kebabs (Murg Rusali)
Food Item,Chicken Kebabs (Murg Grilled)
Food Item,Chicken Kebabs (Murg Dongri)
Food Item,Tandoori Platter (veg)
Food Item,Pompfret (600 GMS)
Food Item,Pompfret (400 GMS)
Food Item,Pompfret (500 GMS)
Food Item,Coastal Surmai (Rawa Fry)
Food Item,Rawas (Rawa Fry)
Food Item,Prawns (100 GMS)
Food Item,Pompfret (800 GMS)
Food Item,Lobster (800 GMS)
Food Item,Lobster (1100 GMS)
Food Item,Rawas (Tawa Fry)
Food Item,Crab (700 GMS)
Food Item,Prawns (150 GMS)
Food Item,Pompfret (700 GMS)
Food Item,Coastal Prawns (150 GMS)
Food Item,Tiger Prawns (300 GMS)
Food Item,Tiger Prawns (100 Gms)
Food Item,Tiger Prawns (200 Gms)
Food Item,Coastal Prawns (250 Gms)
Food Item,Lobster (600 GMS)
Food Item,Prawns (REGULAR)
Food Item,Coastal Surmai (Tawa Fry)
Food Item,Coastal Rawas (Koliwada)
Food Item,Coastal Rawas (Tawa Fry)
Food Item,Crab (500 GMS)
Food Item,Crab (1000 GMS)
Food Item,Coastal Prawns (100 GMS)
Food Item,Pompfret (1200 GMS)
Food Item,Large Pomfret (400 Gms)
Food Item,Crab (800 GMS)
Food Item,Crab (1000 Gms)
Food Item,Pompfret (1000 GMS)
Food Item,Lobster (500 GMS)
Food Item,Prawns  REG
Food Item,Coastal Surmai (Mangalorian Curry)
Food Item,Rawas (Gassi)
Food Item,Coastal Rawas (Gassi)
Food Item,Coastal Rawas (Mangalorian Curry)
Food Item,Tiger Prawns (200 GMS)
Food Item,Tiger Prawns (250 Gms)
Food Item,Prawns
Food Item,Crab (600 GMS)
Food Item,Rawas (Mangalorian Curry)
Food Item,Rawas (Goan Green Curry)
Food Item,Rawas (Koliwada)
Food Item,Rawas (Sukha In Mangalorian Masala)
Food Item,Surmai (Tawa Fry)
Food Item,Surmai (Chinese)
Food Item,Rawas (INDIAN)
Food Item,Crab (1200 GMS)
Food Item,Crab (600 Gms)
Food Item,Surmai (Koliwada)
Food Item,Coastal Surmai (Gassi)
Food Item,Seafood Clams
Food Item,SQUID (Chilly Fry)
Food Item,Large Pomfret (500 Gms)
Food Item,Malwani Bombil Fry
Food Item,Coastal Surmai (Koliwada)
Food Item,Surmai
Food Item,Rawas
Food Item,Rawas (Chinese)
Food Item,Rawas (Malwani Fry)
Food Item,Rawas (Tandoor)
Food Item,Coastal Rawas (Masala Fry)
Food Item,Lobster (400 GMS)
Food Item,Crab (900 GMS)
Food Item,Lobster (700 GMS)
Food Item,Squid (Chilly Fry)
Food Item,Coastal Squid (Sukha In Mangalorian Masala)
Food Item,Coastal Surmai (Mallipuram)
Food Item,Coastal Rawas (Rawa Fry)
Food Item,Coastal Surmai (Malwani Fry)
Food Item,Coastal Surmai (Masala Fry)
Food Item,Coastal Surmai (REGULAR)
Food Item,Coastal Rawas (Pullimunchi)
Food Item,Coastal Rawas (Mallipuram)
Food Item,Rawas (Mallipuram)
Food Item,Surmai (Gassi)
Food Item,Coastal Rawas (Goan Green Curry)
Food Item,Coastal Rawas (Malwani Fry)
Food Item,Coastal Rawas (Moheli)
Food Item,Coastal Surmai (Moheli)
Food Item,Lobster (900 GMS)
Food Item,Pompfret (900 GMS)
Food Item,Surmai (Tandoor)
Food Item,Squid
Food Item,Tiger Prawns (250 GMS)
Food Item,Dim Sum (CHICKEN)
Food Item,Dragon Roll (VEG)
Food Item,WONTON (CHICKEN)
Food Item,Dim Sum (VEG)
Food Item,Dragon Roll (Fish)
Food Item,WONTON (VEG)
Food Item,Dragon Roll (FISH)
Food Item,Nam Prick (CHICKEN)
Food Item,Paneer Babycorn In Red Chilli Flakes
Food Item,Dragon Roll (CHICKEN)
Food Item,Nam Prick (PANEER)
Food Item,Dragon Roll (Veg)
Food Item,Dim Sum (Chicken)
Food Item,Dim Sum (Veg)
Food Item,Babycorn In Sambal Sauce
Food Item,Water Chesnut In Sambal Sauce
Food Item,Steam Chicken With Star Fried Vegetables
Food Item,Babycorn In Red Chilli Flakes
Food Item,Chicken Drums In Choice Of Sauce
Food Item,Mushroom Babycorn In Red Chilli Flakes
Food Item,Dim Sum (Prawns)
Food Item,Dragon Roll (Prawns)
Food Item,Dragon Roll (Chicken)
Food Item,Chicken & Mushroom Cheesey Roll
Food Item,Paneer Sambal Sauce
Food Item,Wonton (Chicken)
Food Item,Wonton (Veg)
Food Item,Wonton (VEG)
Food Item,Wonton (CHICKEN)
Food Item,Wonton (Prawns)
Food Item,Wonton (PRAWNS)
Food Item,Dim Sum (PRAWNS)
Food Item,Dragon Roll (PRAWNS)
Food Item,Nam Prick (Mushroom)
Food Item,Wonton (veg)
Food Item,Dim Sum (Mixed Seafood)
Food Item,WONTON (Mixed Seafood)
Food Item,Dragon Roll (Mixed Seafood)
Food Item,Dim Sum (Crabmeat)
Food Item,WONTON (Crabmeat)
Food Item,Dragon Roll (Crabmeat)
Food Item,WONTON (FISH)
Food Item,WONTON (PRAWNS)
Food Item,"Brocoli,Babycorn Mushroom Sizzle Chilly"
Food Item,Nam Prick (VEG)
Food Item,Dim Sum (FISH)
Food Item,Dim Sum (PRAWNS)
Food Item,Dim Sum (CHICKEN)
Food Item,Dim Sum (VEG)
Food Item,Water Chesnut In Sambal Sauce
Food Item,WONTON (VEG)
Food Item,Dragon Roll (VEG)
Food Item,Dim Sum (Chicken)
Food Item,Dim Sum (Veg)
Food Item,Dragon Roll (Veg)
Food Item,Paneer Babycorn In Red Chilli Flakes
Food Item,Mushroom Babycorn In Red Chilli Flakes
Food Item,WONTON (Mixed Seafood)
Food Item,Dragon Roll (CHICKEN)
Food Item,Chicken & Mushroom Cheesey Roll
Food Item,Nam Prick (CHICKEN)
Food Item,Steam Chicken With Star Fried Vegetables
Food Item,Babycorn In Red Chilli Flakes
Food Item,Paneer Sambal Sauce
Food Item,Dragon Roll (PRAWNS)
Food Item,Nam Prick (Mushroom)
Food Item,WONTON (CHICKEN)
Food Item,Dim Sum (Crabmeat)
Food Item,WONTON (PRAWNS)
Food Item,Wonton (Prawns)
Food Item,Dragon Roll (Crabmeat)
Food Item,WONTON (FISH)
Food Item,Wonton (Veg)
Food Item,Dim Sum (veg)
Food Item,Juices Fresh
Food Item,Tandoori Pomfrate Regular  (400gms)
Food Item,Tandoori Crab (100 Gms)
Food Item,Tandoori Prawns (150 GMS)
Food Item,Tandoori Prawns (250 Gms)
Food Item,Tandoori Pompfret (100 Gms)
Food Item,Tandoori Lobster (100 Gms)
Food Item,Tandoori Pompfret (100 GMS)
Food Item,Tandoori Prawns (250 GMS)
Food Item,Tandoori Prawns  (100 Gms) (100 GMS)
Food Item,Tandoori Crab (500 GMS)
Food Item,Tandoori Pompfret (600 GMS)
Food Item,Tandoori Prawns (100 GMS)
Food Item,Tandoori Pompfret (500 Gms)
Food Item,Tandoori Pompfret (500 GMS)
Food Item,Tandoori Malwani Bombil Fry
Food Item,Tandoori Pompfret (700 GMS)
Food Item,Tandoori Prawns (REGULAR)
Food Item,Tandoori Prawns (200 GMS)
Food Item,Tandoori Prawns (Regular)
Food Item,Tandoori Pompfret (400 Gms)
Food Item,Brandy
Food Item,SIEMPRE SILVER
Food Item,JOSE COERO (GOLD)
Food Item,VS
Food Item,Santa Julia Malbec
Food Item,Zuccardi Malbec
Food Item,Mateus Rose By Glass
Food Item,Casillero Del Diablo Merlot
Food Item,Paul John Bold (BTL)
Food Item,BOMBAY SAPPHIRE (BTL)
Food Item,Chivas Regal Btl
Food Item,VAT 69 (BTL)
Food Item,BLACK LABEL (BTL)
Food Item,Old Monk Btl
Food Item,RED LABEL (BTL)
Food Item,Indri Btl
Food Item,ABSOLUT (BTL)
Food Item,TEACHER'S 50
Food Item,TEACHER'S
Food Item,BLACK & WHITE
Food Item,BALLANTINES
Food Item,BLACK DOG
Food Item,MONKEY SHOULDER
Food Item,DOUBLE BLACK
Food Item,CHIVAS REGAL
Food Item,BLACK LABEL
Food Item,100 PIPER
Food Item,CHIVAS REGAL -18 YEARS
Food Item,RED LABEL
Food Item,GOLD LABEL
Food Item,VAT 69
Food Item,Dewars
Food Item,J W Blonde
Food Item,J & B
Food Item,Double Black Bottle
Food Item,Macallan 12 Yrs
Food Item,BLUE LABEL
Food Item,White Lady (BOMBAY SAPPHIRE)
Food Item,Toddy (REGULAR)
Food Item,Long Island Ice Tea
Food Item,Whisky Sour (REGULAR)
Food Item,White Lady (MONKEY 47)
Food Item,Sangria (INDIAN)
Food Item,Old Fashioned (REGULAR)
Food Item,White Lady (HENDRICKS)
Food Item,Negroni (HENDRICKS)
Food Item,Old Fashioned (MONKEY SHOULDER)
Food Item,Old Fashioned (BLACK LABEL)
Food Item,Old Fashioned (JACK DANIEL'S)
Food Item,Whisky Sour (JACK DANIEL'S)
Food Item,Mojito
Food Item,Sex On The Beach (GREY GOOSE)
Food Item,Frozen Jungle Daiquiri
Food Item,Cosmopolitan (GREY GOOSE)
Food Item,Manhattan (JACK DANIEL'S)
Food Item,Bloody Mary (GREY GOOSE)
Food Item,Caprioska (GREY GOOSE)
Food Item,Screw Driver (CIROC)
Food Item,Caprioska (CIROC)
Food Item,Bloody Mary (REGULAR)
Food Item,Whisky Sour (CHIVAS REGAL)
Food Item,Screw Driver (GREY GOOSE)
Food Item,Caprioska (BELVEDERE)
Food Item,Whisky Sour (BLACK LABEL)
Food Item,Martini (GREY GOOSE)
Food Item,Heaven Melon (GREY GOOSE)
Food Item,Bloody Mary (CIROC)
Food Item,Bloody Mary (BELVEDERE)
Food Item,Blue Lagoon (GREY GOOSE)
Food Item,Sangria (IMPORTED)
Food Item,Double Bull Frog
Food Item,Negroni (REGULAR)
Food Item,Margarita (REGULAR)
Food Item,Blue Lagoon (REGULAR)
Food Item,Cosmopolitan (REGULAR)
Food Item,Toddy (XO)
Food Item,Toddy (VSOP)
Food Item,White Lady (TANQUERAY)
Food Item,Negroni (TANQUERAY)
Food Item,Gimlet (TANQUERAY)
Food Item,Whisky Sour (JIM BEAM)
Food Item,Whisky Sour (BLACK DOG)
Food Item,Caprioska (KETEL ONE)
Food Item,Martini (TANQUERAY)
Food Item,Bloody Mary (KETEL ONE)
Food Item,Caprioska (ABSOLUT)
Food Item,Screw Driver (ABSOLUT)
Food Item,Bloody Mary (ABSOLUT)
Food Item,Guava Delight (ABSOLUT)
Food Item,Sex On The Beach (ABSOLUT)
Food Item,Negroni (GORDON'S)
Food Item,Gimlet (BOMBAY SAPPHIRE)
Food Item,Negroni (BOMBAY SAPPHIRE)
Food Item,Margarita (SIEMPRE SILVER)
Food Item,Bull Frog
Food Item,Caprioska (REGULAR)
Food Item,Gimlet (REGULAR)
Food Item,Martini (THE BOTANIST)
Food Item,Negroni (THE BOTANIST)
Food Item,Whisky Sour (GLENFIDDICH - 12 YEARS)
Food Item,Planters Punch
Food Item,Pina Colada
Food Item,Martini (REGULAR)
Food Item,Screw Driver (REGULAR)
Food Item,Manhattan (REGULAR)
Food Item,Sunrise Tequila (REGULAR)
Food Item,Sex On The Beach (REGULAR)
Food Item,Side Car
Food Item,Between The Sheets
Food Item,Martini (ABSOLUT)
Food Item,Heaven Melon (ABSOLUT)
Food Item,Cosmopolitan (ABSOLUT)
Food Item,Blue Lagoon (ABSOLUT)
Food Item,Martini (BOMBAY SAPPHIRE)
Food Item,White Lady (GORDON'S)
Food Item,Chinese Crab (REGULAR)
Food Item,Chinese Squid (Chilly Fry)
Food Item,Chinese Prawns (100 GMS)
Food Item,Chinese Prawns (150 Gms)
Food Item,Chinese Prawns (150 GMS)
Food Item,Chinese Prawns (250 Gms)
Food Item,Chinese Pompfret (600 GMS)
Food Item,Chinese Prawns (Regular)
Food Item,Chinese Crab (600 GMS)
Food Item,Chinese Pompfret (800 GMS)
Food Item,Chinese Prawns (REGULAR)
Food Item,Chinese Pompfret (700 GMS)
Food Item,Chinese Pompfret (500 GMS)
Food Item,Chinese Pompfret (400 GMS)
Food Item,Chinese Squid (Hoisin Ginger Garlic Sauce)
Food Item,Subzi Lahori
Food Item,Subzi Sunheri
Food Item,ALOO JEERA
Food Item,Murgh Pudhina Masala
Food Item,Murgh -Ka-Salan
Food Item,Subzi Lahori
Food Item,Subzi Sunheri
Food Item,ALOO JEERA
Food Item,Murgh Pudhina Masala
Food Item,JACK DANIEL'S
Food Item,JACK DANIELS - HONEY
Food Item,JACK DANIELS - FIRE
Food Item,JIM BEAM
Food Item,KINGFISHER
Food Item,BUDWEISER
Food Item,KINGFISHER ULTRA
Food Item,Heineken Silver
Food Item,CARLSBERG
Food Item,HEINEKEN
Food Item,HOEGAARDEN
Food Item,Budweiser Magnum
Food Item,Kingfisher Ultra Max
Food Item,CORONA
Food Item,BIRA 91
Food Item,KINGFISHER STRONG
Food Item,BACARDI BREEZER
Food Item,ANTIQUITY BLUE
Food Item,BLENDER'S PRIDE
Food Item,SIGNATURE
Food Item,ROYAL CHALLENGE
Food Item,BAILEY'S IRISH CREAM
Food Item,JAGERMEISTER
Food Item,SIEMPRE SILVER
Food Item,JOSE COERO (SILVER)
Food Item,SAUZA (SILVER)
Food Item,JOSE COERO (GOLD)
Food Item,XO
Food Item,SIEMPRE REPOSADO
Food Item,VS
Food Item,VSOP
Food Item,Brandy
Food Item,SAUZA (GOLD)
Food Item,THAI CURRY GREEN (CHICKEN)
Food Item,THAI CURRY GREEN (VEG)
Food Item,Thai Curry Green (Veg)
Food Item,Lamb In Burnt Chilly Sauce
Food Item,"Tofu,Babycorn,Mushroom,Broccoli In Lemon & Paper Sauce"
Food Item,Thai Curry Green (VEG)
Food Item,Vegetables In Chilly Mustard Sauce/Green Garlic Sauce
Food Item,Thai Curry Green (Chicken)
Food Item,Thai Curry Red (Veg)
Food Item,Chicken Thai Curry Red (Chicken)
Food Item,Chicken Thai Curry Red (VEG)
Food Item,Vegetables In Chilly Mustard Sauce/green Garlic Sauce
Food Item,THAI CURRY RED (VEG)
Food Item,Thai Curry Green (CHICKEN)
Food Item,THAI CURRY RED (CHICKEN)
Food Item,Chicken Thai Curry Red (Veg)
Food Item,THAI CURRY RED (VEG)
Food Item,Lamb In Burnt Chilly Sauce
Food Item,THAI CURRY GREEN (VEG)
Food Item,Thai Curry Red (Veg)
Food Item,"Tofu,Babycorn,Mushroom,Broccoli In Lemon & Paper Sauce"
Food Item,Vegetables In Chilly Mustard Sauce/Green Garlic Sauce
Food Item,Thai Curry Red (veg)
Food Item,Thai Curry Green (Veg)
Food Item,THAI CURRY GREEN (CHICKEN)
Food Item,THAI CURRY RED (CHICKEN)
Food Item,Thai Curry Green (Chicken)
Food Item,Thai Curry Green (veg)
Food Item,Plain Curd
Food Item,ROASTED MASALA PAPAD
Food Item,ROASTED PAPAD
Food Item,Cheese Cherry Pineapple
Food Item,Martini (ABSOLUT)
Food Item,Pina Colada
Food Item,Frozen Jungle Daiquiri
Food Item,Martini (REGULAR)
Food Item,Bloody Mary (REGULAR)
Food Item,Mojito
Food Item,Sex On The Beach (GREY GOOSE)
Food Item,Old Fashioned (JACK DANIEL'S)
Food Item,Caprioska (GREY GOOSE)
Food Item,Whisky Sour (CHIVAS REGAL)
Food Item,Blue Lagoon (CIROC)
Food Item,Sangria (INDIAN)
Food Item,Old Fashioned (REGULAR)
Food Item,White Lady (REGULAR)
Food Item,Negroni (MONKEY 47)
Food Item,Double Bull Frog
Food Item,Sangria (IMPORTED)
Food Item,White Lady (HENDRICKS)
Food Item,Whisky Sour (BLACK LABEL)
Food Item,Cosmopolitan (GREY GOOSE)
Food Item,Bloody Mary (GREY GOOSE)
Food Item,Whisky Sour (JACK DANIEL'S)
Food Item,Caprioska (BELVEDERE)
Food Item,Screw Driver (GREY GOOSE)
Food Item,Martini (GREY GOOSE)
Food Item,Heaven Melon (GREY GOOSE)
Food Item,Manhattan (JACK DANIEL'S)
Food Item,Old Fashioned (CHIVAS REGAL)
Food Item,Cosmopolitan (ABSOLUT)
Food Item,Negroni (BOMBAY SAPPHIRE)
Food Item,Gimlet (BOMBAY SAPPHIRE)
Food Item,Sex On The Beach (ABSOLUT)
Food Item,Martini (BOMBAY SAPPHIRE)
Food Item,Blue Lagoon (ABSOLUT)
Food Item,Kamikaze (ABSOLUT)
Food Item,Negroni (TANQUERAY)
Food Item,Whisky Sour (GLENLIVET - 12 YEARS)
Food Item,Old Fashioned (GLENFIDDICH - 12 YEARS)
Food Item,Whisky Sour (GLENFIDDICH - 12 YEARS)
Food Item,Toddy (REGULAR)
Food Item,Toddy (VSOP)
Food Item,Bloody Mary (ABSOLUT)
Food Item,Caprioska (ABSOLUT)
Food Item,Negroni (HENDRICKS)
Food Item,Long Island Ice Tea
Food Item,Gimlet (HENDRICKS)
Food Item,Manhattan (REGULAR)
Food Item,Margarita (REGULAR)
Food Item,Cosmopolitan (REGULAR)
Food Item,Sunrise Tequila (REGULAR)
Food Item,Sex On The Beach (REGULAR)
Food Item,Toddy (XO)
Food Item,Between The Sheets
Food Item,Negroni (REGULAR)
Food Item,Blue Lagoon (REGULAR)
Food Item,Side Car
Food Item,Bull Frog
Food Item,Screw Driver (ABSOLUT)
Food Item,Guava Delight (ABSOLUT)
Food Item,Planters Punch
Food Item,Whisky Sour Jura
Food Item,Cranberry Classic
Food Item,Margarita (SIEMPRE SILVER)
Food Item,Sunrise Tequila (SIEMPRE SILVER)
Food Item,Guava Delight (GREY GOOSE)
Food Item,Whisky Sour (JAMESON)
Food Item,Whisky Sour (TEACHER'S 50)
Food Item,Caprioska (CIROC)
Food Item,Old Fashioned (BLACK LABEL)
Food Item,Blue Lagoon (GREY GOOSE)
Food Item,Caprioska (REGULAR)
Food Item,Bloody Mary (CIROC)
Food Item,Screw Driver (REGULAR)
Food Item,Sex On The Beach (BELVEDERE)
Food Item,Cosmopolitan (CIROC)
Food Item,Screw Driver (CIROC)
Food Item,Martini (CIROC)
Food Item,Cosmopolitan (BELVEDERE)
Food Item,Screw Driver (BELVEDERE)
Food Item,Martini (HENDRICKS)
Food Item,Whisky Sour (MONKEY SHOULDER)
Food Item,Whisky Sour (REGULAR)
Food Item,White Lady (BOMBAY SAPPHIRE)
Food Item,Cosmopolitan (KETEL ONE)
Food Item,Whisky Sour (JIM BEAM)
Food Item,Whisky Sour (BALLANTINES)
Food Item,Bloody Mary (KETEL ONE)
Food Item,Martini (TANQUERAY)
Food Item,Whisky Sour (BLACK DOG)
Food Item,Gimlet (TANQUERAY)
Food Item,Caprioska (KETEL ONE)
Food Item,Martini (GORDON'S)
Food Item,Gimlet (GORDON'S)
Food Item,Kamikaze (REGULAR)
Food Item,Stinger
Food Item,Sex On The Beach (KETEL ONE)
Food Item,Screw Driver (KETEL ONE)
Food Item,Old Fashioned (MONKEY SHOULDER)
Food Item,Martini (MONKEY 47)
Food Item,White Lady (MONKEY 47)
Food Item,Negroni (GORDON'S)
Food Item,Vodka Tini
Food Item,Heaven Melon (ABSOLUT)
Food Item,White Lady (GORDON'S)
Food Item,White Lady (TANQUERAY)
Food Item,Heaven Melon (REGULAR)
Food Item,FRESH LIME SODA
Food Item,Bottled Water
Food Item,Juices Fresh
Food Item,Soda
Food Item,Peach Iced Tea
Food Item,SEVEN UP
Food Item,THUMPS UP
Food Item,FRESH LIME WATER
Food Item,Lemon Ice Tea
Food Item,JASMINE TEA
Food Item,PEPSI
Food Item,Perrier Sparkling
Food Item,Ginger Ale
Food Item,Tonic Water
Food Item,Juices Natural
Food Item,DIET COKE
Food Item,GREEN TEA
Food Item,Red Bull
Food Item,SHORBA (Palak)
Food Item,Hara Bhara Kabab
Food Item,SHORBA (Dal)
Food Item,Dum Pukht Biryani (VEG)
Food Item,Basmati Rice
Food Item,Dum Pukht Biryani (CHICKEN)
Food Item,Dum Pukht Biryani (MUTTON)
Food Item,Bhatkal Biryani (Mutton)
Food Item,Hyderabadi Biryani (VEG)
Food Item,Hyderabadi Biryani (CHICKEN)
Food Item,Brown Rice
Food Item,Seafood Dum Biryani
Food Item,Dum Pukht Biryani (Veg)
Food Item,Dum Pukht Biryani (Chicken)
Food Item,Kolkata Biryani (Chicken)
Food Item,Hyderabadi Biryani (Mutton)
Food Item,Bhatkal Biryani (MUTTON)
Food Item,Kolkata Biryani (Mutton)
Food Item,Lamb Kolkata Biryani
Food Item,Dum Pukht Biryani (Mutton)
Food Item,Hyderabadi Biryani (MUTTON)
Food Item,Lamb Dum Pukht Biryani
Food Item,Lamb Bhatkal Biryani
Food Item,Chicken Dum Pukht Biryani
Food Item,Bhatkal Biryani (Chicken)
Food Item,Veg Dum Pukht Biryani
Food Item,Hyderabadi Biryani (Chicken)
Food Item,Bhatkal Biryani (CHICKEN)
Food Item,Bhatkal Biryani (VEG)
Food Item,Chicken Kolkata Biryani
Food Item,Chicken Hyderabadi Biryani
Food Item,Hyderabadi Biryani (Veg)
Food Item,Kolkata Biryani (CHICKEN)
Food Item,Kolkata Biryani (VEG)
Food Item,Kolkata Biryani (MUTTON)
Food Item,JAMESON
Food Item,CAMPARI
Food Item,MARTINI (dry/swee)
Food Item,BAILEY'S IRISH CREAM
Food Item,SAMBUCA
Food Item,JAGERMEISTER
Food Item,LAMBORGHINI
Food Item,THIN BLUE LINE
Food Item,B52
Food Item,Kahlua
Food Item,COINTREAU
Food Item,PAN FRIED NOODLES (CHICKEN)
Food Item,FUTCHI RICE (CHICKEN)
Food Item,HAKKA NOODLES (VEG)
Food Item,HOT POT RICE (VEG)
Food Item,HOT POT NOODLES (CHICKEN)
Food Item,FUTCHI NOODLES (CHICKEN)
Food Item,FUTCHI NOODLES (VEG)
Food Item,BURNT GARLIC RICE (VEG)
Food Item,FORTUNE RICE (PRAWNS)
Food Item,HOT POT RICE (FISH)
Food Item,FUTCHI RICE (PRAWNS)
Food Item,HOT POT NOODLES (PRAWNS)
Food Item,FORTUNE NOODLES (PRAWNS)
Food Item,FUTCHI RICE (FISH)
Food Item,HOT POT RICE (PRAWNS)
Food Item,FUTCHI NOODLES (FISH)
Food Item,FUTCHI NOODLES (PRAWNS)
Food Item,HAKKA NOODLES (CHICKEN)
Food Item,FRIED RICE (PRAWNS)
Food Item,FUTCHI RICE (VEG)
Food Item,FRIED RICE (VEG)
Food Item,HOT POT NOODLES (VEG)
Food Item,FRIED RICE (Egg)
Food Item,FORTUNE RICE (VEG)
Food Item,BURNT GARLIC NOODLES (VEG)
Food Item,SZECHWAN FRIED RICE (CHICKEN)
Food Item,PAN FRIED NOODLES (VEG)
Food Item,FRIED RICE (CHICKEN)
Food Item,SZECHWAN NOODLE (VEG)
Food Item,FORTUNE NOODLES (VEG)
Food Item,SZECHWAN FRIED RICE (Egg)
Food Item,FORTUNE RICE (CHICKEN)
Food Item,Fragrance Rice (VEG)
Food Item,SZECHWAN FRIED RICE (VEG)
Food Item,HONG KONG NOODLES (VEG)
Food Item,MALAYSIAN NOODLES (VEG)
Food Item,SHANGHAI NOODLES (VEG)
Food Item,AMERICAN CHOPSUEY (VEG)
Food Item,HONG KONG NOODLES (CHICKEN)
Food Item,SHANGHAI RICE (CHICKEN)
Food Item,Thai Herb Rice (VEG)
Food Item,YANMEIN NOODLES (CHICKEN)
Food Item,HOT POT RICE (CHICKEN)
Food Item,SPICY LIME RICE (CHICKEN)
Food Item,BURNT GARLIC RICE (CHICKEN)
Food Item,GREEN PEPPER NOODLES (VEG)
Food Item,GREEN PEPPER NOODLES (CHICKEN)
Food Item,CORIANDER NOODLES (VEG)
Food Item,SZECHWAN NOODLE (CHICKEN)
Food Item,MALAYSIAN NOODLES (CHICKEN)
Food Item,BURNT GARLIC NOODLES (CHICKEN)
Food Item,Oriental Noodles (VEG)
Food Item,AMERICAN CHOPSUEY (CHICKEN)
Food Item,Thai Herb Rice (CHICKEN)
Food Item,SHANGHAI RICE (VEG)
Food Item,ORIENTAL RICE (CHICKEN)
Food Item,THAI FRIED RICE (PRAWNS)
Food Item,YANMEIN NOODLES (VEG)
Food Item,SPICY LIME RICE (VEG)
Food Item,FUTCHI RICE (MUTTON)
Food Item,FORTUNE NOODLES (CHICKEN)
Food Item,SPICY LIME NOODLES (VEG)
Food Item,SHANGHAI NOODLES (CHICKEN)
Food Item,Oriental Noodles (CHICKEN)
Food Item,CORIANDER NOODLES (CHICKEN)
Food Item,ORIENTAL RICE (VEG)
Food Item,GREEN PEPPER NOODLES (MUTTON)
Food Item,MALAYSIAN NOODLES (PRAWNS)
Food Item,Fried Rice (Chicken)
Food Item,Fried Rice (Veg)
Food Item,Futchi Rice (Chicken)
Food Item,Hot Pot Rice (Prawns)
Food Item,Futchi Rice (Veg)
Food Item,Yanmien Noodles (VEG)
Food Item,Prawn Fragrance Rice
Food Item,Fried Rice (Prawns)
Food Item,Fragrance Rice (PRAWNS)
Food Item,Fried Rice (PRAWNS)
Food Item,Schezwan Fried Rice (Veg)
Food Item,Burnt Garlic Noodles (Veg)
Food Item,Burnt Garlic Noodles (Chicken)
Food Item,Fried Rice (Egg)
Food Item,Hot Pot Rice (Veg)
Food Item,Burnt Garlic Rice (Veg)
Food Item,Hakka Noodles (Veg)
Food Item,Fortune Rice (Veg)
Food Item,Chicken American Chopsuey (Veg)
Food Item,Schezwan Noodles (Veg)
Food Item,Schezwan Fried Rice (Chicken)
Food Item,Futchi Noodles (CHICKEN)
Food Item,Futchi Noodles (Chicken)
Food Item,Fortune Noodles (Veg)
Food Item,Hot Pot Rice (CHICKEN)
Food Item,Futchi Rice (VEG)
Food Item,Chicken American Chopsuey (Chicken)
Food Item,Oriental Rice (Veg)
Food Item,Hakka Noodles (VEG)
Food Item,Futchi Rice (CHICKEN)
Food Item,Hot Pot Rice (Chicken)
Food Item,Malaysian Noodles (Veg)
Food Item,Coriander Noodles (Veg)
Food Item,Futchi Noodles (Veg)
Food Item,Hong Kong Noodles (PRAWNS)
Food Item,Schezwan Noodles (CHICKEN)
Food Item,Fortune Rice (CHICKEN)
Food Item,Hakka Noodles (Chicken)
Food Item,Hot Pot Noodles (Chicken)
Food Item,Burnt Garlic Rice (Chicken)
Food Item,Hot Pot Rice (VEG)
Food Item,Fortune Rice (Chicken)
Food Item,Futchi Noodles (VEG)
Food Item,Fried Rice (CHICKEN)
Food Item,Szechwan Fried Rice (Veg)
Food Item,Chicken Pan Fried Noodles (Veg)
Food Item,Hot Pot Noodles (Veg)
Food Item,Prawns Thai Fried Rice (Prawns)
Food Item,Chicken American Chopsuey (CHICKEN)
Food Item,Chicken Pan Fried Noodles (Chicken)
Food Item,Shanghai Noodles (Veg)
Food Item,Burnt Garlic Rice (VEG)
Food Item,Burnt Garlic Noodles (CHICKEN)
Food Item,Schezwan Noodles (VEG)
Food Item,Spicy Lime Noodles (Veg)
Food Item,Schezwan Fried Rice (VEG)
Food Item,Schezwan Fried Rice (Egg)
Food Item,Yanmien Noodles (Veg)
Food Item,Pan Fried Noodles (Chicken)
Food Item,American Chopsuey (Veg)
Food Item,Oriental Noodles (Chicken)
Food Item,Fried Rice (VEG)
Food Item,Fortune Noodles (Chicken)
Food Item,Hot Pot Noodles (CHICKEN)
Food Item,Burnt Garlic Noodles (VEG)
Food Item,Hong Kong Noodles (Chicken)
Food Item,Hong Kong Noodles (VEG)
Food Item,Schezwan Noodles (Chicken)
Food Item,Malaysian Noodles (Prawns)
Food Item,Fortune Noodles (VEG)
Food Item,Spicy Lime Noodles (Chicken)
Food Item,Spicy Lime Rice (Veg)
Food Item,Fortune Rice (VEG)
Food Item,Schezwan Fried Rice (CHICKEN)
Food Item,Oriental Rice (Mutton)
Food Item,Shanghai Rice (Veg)
Food Item,Hong Kong Noodles (Veg)
Food Item,Spicy Malaysian Noodles
Food Item,FRIED RICE (Mixed Seafood)
Food Item,Hakka Noodles (PRAWNS)
Food Item,American Chopsuey (veg)
Food Item,Hot Pot Rice (veg)
Food Item,Futchi Rice (veg)
Food Item,Burnt Garlic Noodles (veg)
Food Item,HAKKA NOODLES (Mixed Seafood)
Food Item,Fried Rice (veg)
Food Item,HONG KONG NOODLES (PRAWNS)
Food Item,Chicken Pan Fried Noodles (VEG)
Food Item,Shanghai Rice (VEG)
Food Item,Burnt Garlic Rice (veg)
Food Item,Chicken Pan Fried Noodles (CHICKEN)
Food Item,Spicy Lime Noodles (VEG)
Food Item,Hakka Noodles (CHICKEN)
Food Item,Burnt Garlic Rice (CHICKEN)
Food Item,Shanghai Noodles (CHICKEN)
Food Item,Hong Kong Noodles (veg)
Food Item,Szechwan Fried Rice (veg)
Food Item,Hot Pot Noodles (FISH)
Food Item,Fragrance Rice (CHICKEN)
Food Item,THAI FRIED RICE (Mixed Seafood)
Food Item,HAKKA NOODLES (PRAWNS)
Food Item,MALAYSIAN NOODLES (Mixed Seafood)
Food Item,HONG KONG NOODLES (Mixed Seafood)
Food Item,Spicy Malaysian Noodles
Food Item,Peach Iced Tea
Food Item,GREEN TEA
Food Item,Red Bull
Food Item,FRESH LIME WATER
Food Item,FRESH LIME SODA
Food Item,SEVEN UP
Food Item,THUMPS UP
Food Item,Juices Natural
Food Item,DIET COKE
Food Item,Tonic Water
Food Item,JAMESON
Food Item,CAMPARI
Food Item,MARTINI (dry/swee)
Food Item,ROASTED PAPAD
Food Item,ROASTED MASALA PAPAD
Food Item,Plain Curd
Food Item,Cheese Cherry Pineapple
Raw Material,Tamma Kaapi
Raw Material,Bira White
Raw Material,Legacy Premium
Raw Material,Red Pumpkin
Raw Material,Pita Bread
Raw Material,Home Delivery (conv)
Raw Material,Repair Works
Raw Material,Printing
Raw Material,Car Wash
Raw Material,Ferrero Shells
Raw Material,Red Cabbage
Raw Material,Ink Pad
Raw Material,Hook
Raw Material,Green Cucumber
Raw Material,Thai Red Chilly Fresh
Raw Material,Red Raddish
Raw Material,Stationary
Raw Material,Surang
Raw Material,Spring File
Raw Material,Rosemary Fresh
Raw Material,Yellow Color
Raw Material,Johnson's Baby Oil
Raw Material,Shambhu
Raw Material,Sev Puri
Raw Material,750 Ml Silver Container Lid
Raw Material,Aa Battery
Raw Material,Pooja Expenses
Raw Material,Golden Flaks
Raw Material,White Pumpkin
Raw Material,Idli Wada
Raw Material,Sweet Potato
Raw Material,Tips
Raw Material,Demi Glace Sauce Powder
Raw Material,Gulkand
Raw Material,Chikki
Raw Material,Staff Veg
Raw Material,Voutcher File Box
Raw Material,Havmor Strawberry Ice Cream
Raw Material,Havmor Vanilla Ice Cream
Raw Material,White Yambin
Raw Material,Service Spoon
Raw Material,White Urad Dal
Raw Material,Bangda Fish
Raw Material,Cinzano Vermouth Rosso
Raw Material,Bathroom Slippers
Raw Material,Takos
Raw Material,Stone Knife
Raw Material,White Cloth
Raw Material,Cake Base Round
Raw Material,Piping Bag
Raw Material,Ice Drink Glass 350 Ml
Raw Material,Air Freshener Btl
Raw Material,Air Freshener Can
Raw Material,Punjabi Malai Paneer
Raw Material,Ech House Blend
Raw Material,Butter Croissant Small
Raw Material,Standup Pouches
Raw Material,Bombay Sapphire
Raw Material,Aji Amarillo
Raw Material,Mazes Of Coorg
Raw Material,Rubber Band
Raw Material,Orange Premium Juice Bottles
Raw Material,Small Onion
Raw Material,Mango Premium Juice Bottles
Raw Material,Pineapple Premium Juice Bottles
Raw Material,Chill Guava Premium Juice Bottles
Raw Material,Ravindra Shetty
Raw Material,Sula Sauvignon Blanc
Raw Material,Ad Register Front Office
Raw Material,Black Coffee Cup 450 Ml
Raw Material,Bacardi Reserva Ocho
Raw Material,Pan Pasand Ice Cream
Raw Material,Kesar Pista Ice Cream
Raw Material,Tikka Paneer
Raw Material,Edc Roll
Raw Material,Macarons
Raw Material,Sea Salt (btl)
Raw Material,Wild Chikmagalur
Raw Material,Black & White
Raw Material,Electricity Bill
Raw Material,Amazon & Flipkart
Raw Material,Napthalene Ball Colour
Raw Material,Wireless Mouse
Raw Material,Shower Cap
Raw Material,Cash Voucher Book
Raw Material,Frappe Can Glass 450 Ml
Raw Material,250 Gm Coffee Pouch
Raw Material,Flat Bottom Pouch
Raw Material,J W Black Label
Raw Material,Jw Gold Reserve
Raw Material,Butterscotch
Raw Material,Spatula
Raw Material,Havmor Butterscotch Ice Cream
Raw Material,Squeeze Bottle
Raw Material,Yellow Banana Chips Standup Pouches
Raw Material,Spicy Banana Chips Standup Pouches
Raw Material,Cooking Sake
Raw Material,Room Tag
Raw Material,California Almond Flour
Raw Material,Nagesh Shetty
Raw Material,Medical Expenses
Raw Material,Coffee Debara Set
Raw Material,Modak Box
Raw Material,Dustbin
Raw Material,Jaggery Powder
Raw Material,Anna Kaapi
Raw Material,Calculater
Raw Material,Incentives
Raw Material,Bisleri 1 Ltr
Raw Material,Pickel+chetny Set Bowl
Raw Material,Waves Of Malnad
Raw Material,Kodai Shroom
Raw Material,Black Dog Triple Gold Reserve
Raw Material,Soya Chap
Raw Material,Flower For Mpot
Raw Material,Chicken Seasoning Powder
Raw Material,Blenders Pride
Raw Material,Aji Rocoto Molido
Raw Material,Birthday Candle
Raw Material,Fire Gun
Raw Material,Squeeze Bottle Big
Raw Material,Aji Pancha Paste
Raw Material,Cayenne Pepper 40gm
Raw Material,Black Cup 250m
Raw Material,Dimsum Basket
Raw Material,Chivas Regal 18 Yrs
Raw Material,L
Raw Material,Nescafe Sachet
Raw Material,Vat 69
Raw Material,Gas Bill
Raw Material,Coffee Beans Lce Arabica
Raw Material,Grey Goose Vodka
Raw Material,Teachers Highland Cream
Raw Material,J & B Rare
Raw Material,Jim Beam
Raw Material,Martell V S
Raw Material,Hoysal Arabica Coffee Beans
Raw Material,Filter Coffee
Raw Material,The Dalmore 15yrs H. Single Malt Scotch
Raw Material,The Glenlivet 18yrs Single Malt Scotch
Raw Material,Smirnoff
Raw Material,Coffee Beans Monsoon Malbar
Raw Material,Hoegaarden Belgian
Raw Material,Budweiser
Raw Material,Glenfiddich 15
Raw Material,Ballantine S Finest
Raw Material,Gordons Dry
Raw Material,Grv Cab Shiraz
Raw Material,Chivas Regal 12 Yrs
Raw Material,Siempre Silver Tequila
Raw Material,Jacob S Creek Classic Chardonnay
Raw Material,Jacobs Creek Cabernet Shiraz
Raw Material,Jacob S Creek Classic Caberne Shirz
Raw Material,Campari
Raw Material,The Glenlivet 15 Y
Raw Material,Monkey Shoulder
Raw Material,Botanist
Raw Material,Sula Rasa Syrah Wine
Raw Material,Corona
Raw Material,The Jura 12yrs Single Malt Scotch
Raw Material,The Glenlivet 12 Years
Raw Material,Glenfiddich 12
Raw Material,Kingfisher Ultra
Raw Material,Tanqueray Gin
Raw Material,Irish Whisky Jameson Triple Distilled
Raw Material,Don Angel Rare Reserve Blanco Tequila
Raw Material,Hendricks
Raw Material,Teachers 50
Raw Material,J W Double Black
Raw Material,Mc Dowell Blue Riband Dry
Raw Material,Ketel One
Raw Material,Carlsberg
Raw Material,Heineken
Raw Material,Bisleri 200ml
Raw Material,Laphroaig 10 Yo
Raw Material,Bacardi Limon
Raw Material,Amrut Amalgam
Raw Material,Biryani Handi
Raw Material,Kingfisher Strong
Raw Material,Indri Single Malt Whisky
Raw Material,Antiquity Blue
Raw Material,Old Monk Rum
Raw Material,Singleton
Raw Material,Monkey 47
Raw Material,Jack Daniels
Raw Material,Belvedere Vodka
Raw Material,Kingfisher
Raw Material,100 Piper
Raw Material,Sula Brut Cremant De Nashik
Raw Material,Mateus Rose
Raw Material,Havmor Chocolate Ice Cream
Raw Material,Sweet Paprika
Raw Material,Sauce Spoon
Raw Material,Tuty Fruty Red
Raw Material,Tuty Fruty Green
Raw Material,Tuty Fruty Orange
Raw Material,Dvg Smoothies Pumps
Raw Material,Butter Croissant Medium
Raw Material,Half Plate
Raw Material,Air Freshener Btl 250
Raw Material,Red La Reserve
Raw Material,Bacardi
Raw Material,The Source Sauvignon Blanc
Raw Material,Glenfiddich 18
Raw Material,Absolut Vodka
Raw Material,Honey Musterd Sauce 1kg
Raw Material,Signature Rare Aged
Raw Material,Two Oceans Pinotage
Raw Material,Swa Red Velvet Syrup
Raw Material,Swa Passionfruit Syrup
Raw Material,Swa Lemon Ginger Nariyal Pani Syrup
Raw Material,Swa Straberry Vanilla
Raw Material,Swa Jackfruit Syrup
Raw Material,Swa Lavendar Syrup
Raw Material,Swa Rich Cocoa Syrup
Raw Material,Swa Summer Berries
Raw Material,Swa Caramel Syrup
Raw Material,Swa Hibiscus Cascara Syrup
Raw Material,Swa Jamun Kala Khatta Syrup
Raw Material,Swa Coconut Syrup
Raw Material,Swa Sea Salt Syrup
Raw Material,Swa Orange Syrups
Raw Material,Swa Hazelnut Syrup
Raw Material,Sparking Mateus Rose
Raw Material,Royal Challenge
Raw Material,Rigatoni Pasta
Raw Material,Morpheus Blue Xo Pr
Raw Material,Fauconnier Liquer Triple Sec
Raw Material,Breezer Passion
Raw Material,Breezer Cranberrry
Raw Material,Wine Zonin Chianti Ventiterre
Raw Material,The Source Grenache Rose
Raw Material,B&g Merlot Reserve Varietal
Raw Material,Biscoff Biscut 250 Gm
Raw Material,Chocolate Croissant Small
Raw Material,Drain Kit Powder
Raw Material,Hazelnut Paste
Raw Material,Reveilo Merlot
Raw Material,Budweiser Magnum
Raw Material,Blue Curacao
Raw Material,Soup Spoon
Raw Material,Sula Chenin Blanc
Raw Material,Glenmorrangie
Raw Material,Ned Wine Res Sauvi Blance
Raw Material,Mixer Jar ( Butler )
Raw Material,Yuzu Ponzu
Raw Material,Millet Milk
Raw Material,Mix Fruit Premium Juice Bottles
Raw Material,Soya Sauce Lkk
Raw Material,B & G Cab Sauvignon Reserve
Raw Material,Quarter Plate
Raw Material,Hennessy Vs
Raw Material,Lagavulin16 Y.o Mlt
Raw Material,Jagermeister
Raw Material,J W Red Label
Raw Material,Sula Zinfandel Rose
Raw Material,The Botanist
Raw Material,Heineken Silver
Raw Material,Reveilo Cabernet Sauvignon
Raw Material,The Dalmore 12yrs Single Malt
Raw Material,Captain Morgan Original
Raw Material,Yellow Tail Chardonnay
Raw Material,Yellow Tail Shiraz
Raw Material,Bols Curacao Triple Sec
Raw Material,Johnnie Walker Blonde
Raw Material,Hot Drink Maker 2 Ltr
Raw Material,Hennessy Vsop
Raw Material,Dvg Chocolate Sauce 2 Ltr
Raw Material,Cake Base Round Big
Raw Material,Apple Premium Juice Bottles
Raw Material,Dessert Spoon
Raw Material,Reveilo Chardonnay
Raw Material,L .g Hing Powder 50g
Raw Material,Ciroc Vodka
Raw Material,Veeba Benetibi Orange Syrup 750ml
Raw Material,Veeba Benetibi Bluebrry Syrup 750ml
Raw Material,Macallan 12 Yo Trpcsk (t)
Raw Material,Sula Satori Red Wine
Raw Material,Gherkins
Raw Material,Singapore Laksa Paste 190g
Raw Material,Baileys Irish Cream
Raw Material,Smiroff Green Apple
Raw Material,Kingfisher Ultra Max
Raw Material,Macallan 15yo Double Cask
Raw Material,28/10 Steel Dustbin
Raw Material,Lea & Perrins Sauce
Raw Material,Ap Spoon
Raw Material,Olives Black Slice Imp
Raw Material,Paul John
Raw Material,Cono Sur Pinot Noir
Raw Material,Clear Gel
Raw Material,Rubber Ring Mat
Raw Material,Wine Zonins Pinot Grigio Friuli
Raw Material,Nankhatai Jar Lid
Raw Material,Youki Sauce 1kg
Raw Material,Monkey Bowl
